{
	"credit": "Made with Blockbench",
	"parent": "block/block",
	"textures": {
		"particle": "block/fence/fence_gate_acacia"
	},
	"elements": [
		{
			"name": "Left-hand post",
			"from": [0, 1, 7],
			"to": [2, 14, 9],
			"faces": {
				"north": {"uv": [14, 0, 16, 13], "texture": "#particle"},
				"east": {"uv": [0, 0, 2, 13], "texture": "#particle"},
				"south": {"uv": [0, 0, 2, 13], "texture": "#particle"},
				"west": {"uv": [0, 0, 2, 13], "texture": "#particle"},
				"up": {"uv": [0, 14, 2, 16], "texture": "#particle"},
				"down": {"uv": [0, 14, 2, 16], "texture": "#particle"}
			}
		},
		{
			"name": "Right-hand post",
			"from": [14, 1, 7],
			"to": [16, 14, 9],
			"faces": {
				"north": {"uv": [0, 0, 2, 13], "texture": "#particle"},
				"east": {"uv": [14, 0, 16, 13], "texture": "#particle"},
				"south": {"uv": [14, 0, 16, 13], "texture": "#particle"},
				"west": {"uv": [14, 0, 16, 13], "texture": "#particle"},
				"up": {"uv": [14, 14, 16, 16], "texture": "#particle"},
				"down": {"uv": [14, 14, 16, 16], "texture": "#particle"}
			}
		},
		{
			"name": "L1",
			"from": [0.5, 12, 9],
			"to": [1.5, 13, 14],
			"faces": {
				"east": {"uv": [2, 1, 7, 2], "texture": "#particle"},
				"west": {"uv": [2, 1, 7, 2], "texture": "#particle"},
				"up": {"uv": [2, 1, 7, 2], "texture": "#particle", "rotation": 90},
				"down": {"uv": [2, 1, 7, 2], "texture": "#particle", "rotation": 270}
			}
		},
		{
			"name": "L2",
			"from": [0.5, 2, 9],
			"to": [1.5, 3, 14],
			"faces": {
				"east": {"uv": [2, 11, 7, 12], "texture": "#particle"},
				"west": {"uv": [2, 11, 7, 12], "texture": "#particle"},
				"up": {"uv": [2, 11, 7, 12], "texture": "#particle", "rotation": 90},
				"down": {"uv": [2, 11, 7, 12], "texture": "#particle", "rotation": 270}
			}
		},
		{
			"name": "L3",
			"from": [0.5, 3, 10],
			"to": [1.5, 12, 11],
			"faces": {
				"north": {"uv": [3, 2, 4, 11], "texture": "#particle"},
				"east": {"uv": [3, 2, 4, 11], "texture": "#particle"},
				"south": {"uv": [3, 2, 4, 11], "texture": "#particle"},
				"west": {"uv": [3, 2, 4, 11], "texture": "#particle"}
			}
		},
		{
			"name": "L4",
			"from": [0.5, 8, 12],
			"to": [1.5, 12, 13],
			"faces": {
				"north": {"uv": [5, 2, 6, 6], "texture": "#particle"},
				"east": {"uv": [5, 2, 6, 6], "texture": "#particle"},
				"south": {"uv": [5, 2, 6, 6], "texture": "#particle"},
				"west": {"uv": [5, 2, 6, 6], "texture": "#particle"},
				"down": {"uv": [2, 1, 3, 2], "texture": "#particle"}
			}
		},
		{
			"name": "L5",
			"from": [0.5, 3, 12],
			"to": [1.5, 7, 13],
			"faces": {
				"north": {"uv": [5, 7, 6, 11], "texture": "#particle"},
				"east": {"uv": [5, 7, 6, 11], "texture": "#particle"},
				"south": {"uv": [5, 7, 6, 11], "texture": "#particle"},
				"west": {"uv": [5, 7, 6, 11], "texture": "#particle"},
				"up": {"uv": [2, 1, 3, 2], "texture": "#particle"}
			}
		},
		{
			"name": "L6",
			"from": [0.5, 9, 13],
			"to": [1.5, 10, 14],
			"faces": {
				"east": {"uv": [6, 4, 7, 5], "texture": "#particle"},
				"west": {"uv": [6, 4, 7, 5], "texture": "#particle"},
				"up": {"uv": [6, 4, 7, 5], "texture": "#particle"},
				"down": {"uv": [6, 4, 7, 5], "texture": "#particle"}
			}
		},
		{
			"name": "L7",
			"from": [0.5, 7, 13],
			"to": [1.5, 8, 14],
			"faces": {
				"east": {"uv": [6, 6, 7, 7], "texture": "#particle"},
				"south": {"uv": [6, 6, 7, 7], "texture": "#particle"},
				"west": {"uv": [6, 6, 7, 7], "texture": "#particle"},
				"up": {"uv": [6, 6, 7, 7], "texture": "#particle"},
				"down": {"uv": [6, 6, 7, 7], "texture": "#particle"}
			}
		},
		{
			"name": "L8",
			"from": [0.5, 5, 13],
			"to": [1.5, 6, 14],
			"faces": {
				"east": {"uv": [6, 8, 7, 9], "texture": "#particle"},
				"west": {"uv": [6, 8, 7, 9], "texture": "#particle"},
				"up": {"uv": [6, 8, 7, 9], "texture": "#particle"},
				"down": {"uv": [6, 8, 7, 9], "texture": "#particle"}
			}
		},
		{
			"name": "L9",
			"from": [0.5, 8, 11],
			"to": [1.5, 9, 12],
			"faces": {
				"east": {"uv": [4, 5, 5, 6], "texture": "#particle"},
				"west": {"uv": [4, 5, 5, 6], "texture": "#particle"},
				"up": {"uv": [4, 5, 5, 6], "texture": "#particle"},
				"down": {"uv": [4, 5, 5, 6], "texture": "#particle"}
			}
		},
		{
			"name": "L10",
			"from": [0.5, 6, 11],
			"to": [1.5, 7, 12],
			"faces": {
				"east": {"uv": [4, 7, 5, 8], "texture": "#particle"},
				"west": {"uv": [4, 7, 5, 8], "texture": "#particle"},
				"up": {"uv": [4, 7, 5, 8], "texture": "#particle"},
				"down": {"uv": [4, 7, 5, 8], "texture": "#particle"}
			}
		},
		{
			"name": "L11",
			"from": [0.5, 10, 9],
			"to": [1.5, 11, 10],
			"faces": {
				"east": {"uv": [2, 3, 3, 4], "texture": "#particle"},
				"west": {"uv": [2, 3, 3, 4], "texture": "#particle"},
				"up": {"uv": [2, 3, 3, 4], "texture": "#particle"},
				"down": {"uv": [2, 3, 3, 4], "texture": "#particle"}
			}
		},
		{
			"name": "L12",
			"from": [0.5, 4, 9],
			"to": [1.5, 5, 10],
			"faces": {
				"east": {"uv": [2, 9, 3, 10], "texture": "#particle"},
				"west": {"uv": [2, 9, 3, 10], "texture": "#particle"},
				"up": {"uv": [2, 9, 3, 10], "texture": "#particle"},
				"down": {"uv": [2, 9, 3, 10], "texture": "#particle"}
			}
		},
		{
			"name": "L13",
			"from": [0.5, 2, 14],
			"to": [1.5, 13, 15],
			"faces": {
				"north": {"uv": [7, 1, 8, 12], "texture": "#particle"},
				"east": {"uv": [7, 1, 8, 12], "texture": "#particle"},
				"south": {"uv": [7, 1, 8, 12], "texture": "#particle"},
				"west": {"uv": [7, 1, 8, 12], "texture": "#particle"},
				"up": {"uv": [7, 1, 8, 2], "texture": "#particle"},
				"down": {"uv": [7, 1, 8, 2], "texture": "#particle"}
			}
		},
		{
			"name": "R1",
			"from": [14.5, 12, 9],
			"to": [15.5, 13, 14],
			"faces": {
				"east": {"uv": [9, 1, 14, 2], "texture": "#particle"},
				"west": {"uv": [9, 1, 14, 2], "texture": "#particle"},
				"up": {"uv": [9, 1, 14, 2], "texture": "#particle", "rotation": 270},
				"down": {"uv": [9, 1, 14, 2], "texture": "#particle", "rotation": 90}
			}
		},
		{
			"name": "R2",
			"from": [14.5, 2, 9],
			"to": [15.5, 3, 14],
			"faces": {
				"east": {"uv": [9, 11, 14, 12], "texture": "#particle"},
				"west": {"uv": [9, 11, 14, 12], "texture": "#particle"},
				"up": {"uv": [9, 11, 14, 12], "texture": "#particle", "rotation": 270},
				"down": {"uv": [9, 11, 14, 12], "texture": "#particle", "rotation": 90}
			}
		},
		{
			"name": "R3",
			"from": [14.5, 3, 10],
			"to": [15.5, 12, 11],
			"faces": {
				"north": {"uv": [12, 2, 13, 11], "texture": "#particle"},
				"east": {"uv": [12, 2, 13, 11], "texture": "#particle"},
				"south": {"uv": [12, 2, 13, 11], "texture": "#particle"},
				"west": {"uv": [12, 2, 13, 11], "texture": "#particle"}
			}
		},
		{
			"name": "R4",
			"from": [14.5, 8, 12],
			"to": [15.5, 12, 13],
			"faces": {
				"north": {"uv": [10, 2, 11, 6], "texture": "#particle"},
				"east": {"uv": [10, 2, 11, 6], "texture": "#particle"},
				"south": {"uv": [10, 2, 11, 6], "texture": "#particle"},
				"west": {"uv": [10, 2, 11, 6], "texture": "#particle"},
				"down": {"uv": [13, 1, 14, 2], "texture": "#particle"}
			}
		},
		{
			"name": "R5",
			"from": [14.5, 3, 12],
			"to": [15.5, 7, 13],
			"faces": {
				"north": {"uv": [10, 7, 11, 11], "texture": "#particle"},
				"east": {"uv": [10, 7, 11, 11], "texture": "#particle"},
				"south": {"uv": [10, 7, 11, 11], "texture": "#particle"},
				"west": {"uv": [10, 7, 11, 11], "texture": "#particle"},
				"up": {"uv": [13, 1, 14, 2], "texture": "#particle"}
			}
		},
		{
			"name": "R6",
			"from": [14.5, 9, 13],
			"to": [15.5, 10, 14],
			"faces": {
				"east": {"uv": [9, 4, 10, 5], "texture": "#particle"},
				"west": {"uv": [9, 4, 10, 5], "texture": "#particle"},
				"up": {"uv": [9, 4, 10, 5], "texture": "#particle"},
				"down": {"uv": [9, 4, 10, 5], "texture": "#particle"}
			}
		},
		{
			"name": "R7",
			"from": [14.5, 7, 13],
			"to": [15.5, 8, 14],
			"faces": {
				"east": {"uv": [9, 6, 10, 7], "texture": "#particle"},
				"south": {"uv": [9, 6, 10, 7], "texture": "#particle"},
				"west": {"uv": [9, 6, 10, 7], "texture": "#particle"},
				"up": {"uv": [9, 6, 10, 7], "texture": "#particle"},
				"down": {"uv": [9, 6, 10, 7], "texture": "#particle"}
			}
		},
		{
			"name": "R8",
			"from": [14.5, 5, 13],
			"to": [15.5, 6, 14],
			"faces": {
				"east": {"uv": [9, 8, 10, 9], "texture": "#particle"},
				"west": {"uv": [9, 8, 10, 9], "texture": "#particle"},
				"up": {"uv": [9, 8, 10, 9], "texture": "#particle"},
				"down": {"uv": [9, 8, 10, 9], "texture": "#particle"}
			}
		},
		{
			"name": "R9",
			"from": [14.5, 8, 11],
			"to": [15.5, 9, 12],
			"faces": {
				"east": {"uv": [11, 5, 12, 6], "texture": "#particle"},
				"west": {"uv": [11, 5, 12, 6], "texture": "#particle"},
				"up": {"uv": [11, 5, 12, 6], "texture": "#particle"},
				"down": {"uv": [11, 5, 12, 6], "texture": "#particle"}
			}
		},
		{
			"name": "R10",
			"from": [14.5, 6, 11],
			"to": [15.5, 7, 12],
			"faces": {
				"east": {"uv": [11, 7, 12, 8], "texture": "#particle"},
				"west": {"uv": [11, 7, 12, 8], "texture": "#particle"},
				"up": {"uv": [11, 7, 12, 8], "texture": "#particle"},
				"down": {"uv": [11, 7, 12, 8], "texture": "#particle"}
			}
		},
		{
			"name": "R11",
			"from": [14.5, 10, 9],
			"to": [15.5, 11, 10],
			"faces": {
				"east": {"uv": [13, 3, 14, 4], "texture": "#particle"},
				"west": {"uv": [13, 3, 14, 4], "texture": "#particle"},
				"up": {"uv": [13, 3, 14, 4], "texture": "#particle"},
				"down": {"uv": [13, 3, 14, 4], "texture": "#particle"}
			}
		},
		{
			"name": "R12",
			"from": [14.5, 4, 9],
			"to": [15.5, 5, 10],
			"faces": {
				"east": {"uv": [13, 9, 14, 10], "texture": "#particle"},
				"west": {"uv": [13, 9, 14, 10], "texture": "#particle"},
				"up": {"uv": [13, 9, 14, 10], "texture": "#particle"},
				"down": {"uv": [13, 9, 14, 10], "texture": "#particle"}
			}
		},
		{
			"name": "R13",
			"from": [14.5, 2, 14],
			"to": [15.5, 13, 15],
			"faces": {
				"north": {"uv": [8, 1, 9, 12], "texture": "#particle"},
				"east": {"uv": [8, 1, 9, 12], "texture": "#particle"},
				"south": {"uv": [8, 1, 9, 12], "texture": "#particle"},
				"west": {"uv": [8, 1, 9, 12], "texture": "#particle"},
				"up": {"uv": [8, 1, 9, 2], "texture": "#particle"},
				"down": {"uv": [8, 1, 9, 2], "texture": "#particle"}
			}
		}
	],
	"display": {
		"gui": {
			"rotation": [30, 45, 0],
			"translation": [0, -1, 0],
			"scale": [0.8, 0.8, 0.8]
		},
		"head": {
			"rotation": [0, 0, 0],
			"translation": [0, -3, -6]
		}
	}
}