{
    "ambientocclusion": false,
    "textures": {
        "particle": "block/fence/fence_acacia"
    },
    "elements": [
        {   "from": [ 7.5, 14, 0 ],
            "to": [ 8.5, 15, 5 ],
            "faces": {
                "down":   { "uv": [  1, 1,  2, 6 ], "texture": "#particle" },
                "up":     { "uv": [  1, 1,  2, 6 ], "texture": "#particle" },
                "north":  { "uv": [  0, 1,  1, 2 ], "texture": "#particle" },
                "west":   { "uv": [ 11, 1, 16, 2 ], "texture": "#particle" },
                "east":   { "uv": [ 11, 1, 16, 2 ], "texture": "#particle" }
            },
            "__comment": "1"
        },
        {   "from": [ 7.5, 4, 0 ],
            "to": [ 8.5, 5, 5 ],
            "faces": {
                "down":   { "uv": [  1, 1,  2, 6 ], "texture": "#particle" },
                "up":     { "uv": [  1, 1,  2, 6 ], "texture": "#particle" },
                "north":  { "uv": [  0,  1,   1, 2 ], "texture": "#particle" },
                "west":   { "uv": [ 11, 11, 16, 12 ], "texture": "#particle" },
                "east":   { "uv": [ 11, 11, 16, 12 ], "texture": "#particle" }
            },
            "__comment": "2"
        },
        {   "from": [ 7.5, 5, 3 ],
            "to": [ 8.5, 14, 4 ],
            "faces": {
                "north":  { "uv": [ 14, 2, 15, 11 ], "texture": "#particle" },
                "south":  { "uv": [ 14, 2, 15, 11 ], "texture": "#particle" },
                "west":   { "uv": [ 14, 2, 15, 11 ], "texture": "#particle" },
                "east":   { "uv": [ 14, 2, 15, 11 ], "texture": "#particle" }
            },
            "__comment": "3"
        },
        {   "from": [ 7.5, 10, 1 ],
            "to": [ 8.5, 14, 2 ],
            "faces": {
                "down":   { "uv": [  1, 1,  2, 2 ], "texture": "#particle" },
                "west":   { "uv": [ 12, 2, 13, 6 ], "texture": "#particle" },
                "east":   { "uv": [ 12, 2, 13, 6 ], "texture": "#particle" },
                "north":  { "uv": [ 12, 2, 13, 6 ], "texture": "#particle" },
                "south":  { "uv": [ 12, 2, 13, 6 ], "texture": "#particle" }
            },
            "__comment": "4"
        },
        {   "from": [ 7.5, 5, 1 ],
            "to": [ 8.5, 9, 2 ],
            "faces": {
                "up":     { "uv": [  1, 1,  2, 2 ], "texture": "#particle" },
                "west":   { "uv": [ 12, 7, 13, 11 ], "texture": "#particle" },
                "east":   { "uv": [ 12, 7, 13, 11 ], "texture": "#particle" },
                "north":  { "uv": [ 12, 7, 13, 11 ], "texture": "#particle" },
                "south":  { "uv": [ 12, 7, 13, 11 ], "texture": "#particle" }
            },
            "__comment": "5"
        },
        {   "from": [ 7.5, 11, 0 ],
            "to": [ 8.5, 12, 1 ],
            "faces": {
                "down":   { "uv": [ 11, 4, 12, 5 ], "texture": "#particle" },
                "up":     { "uv": [ 11, 4, 12, 5 ], "texture": "#particle" },
                "north":  { "uv": [  0, 1,  1, 2 ], "texture": "#particle" },
                "west":   { "uv": [ 11, 4, 12, 5 ], "texture": "#particle" },
                "east":   { "uv": [ 11, 4, 12, 5 ], "texture": "#particle" }
            },
            "__comment": "6"
        },
        {   "from": [ 7.5, 9, 0 ],
            "to": [ 8.5, 10, 1 ],
            "faces": {
                "down":   { "uv": [ 11, 6, 12, 7 ], "texture": "#particle" },
                "up":     { "uv": [ 11, 6, 12, 7 ], "texture": "#particle" },
                "north":  { "uv": [  0, 1,  1, 2 ], "texture": "#particle" },
                "west":   { "uv": [ 11, 6, 12, 7 ], "texture": "#particle" },
                "east":   { "uv": [ 11, 6, 12, 7 ], "texture": "#particle" },
                "south":  { "uv": [ 11, 6, 12, 7 ], "texture": "#particle" }
            },
            "__comment": "7"
        },
        {   "from": [ 7.5, 7, 0 ],
            "to": [ 8.5, 8, 1 ],
            "faces": {
                "down":   { "uv": [ 11, 8, 12, 9 ], "texture": "#particle" },
                "up":     { "uv": [ 11, 8, 12, 9 ], "texture": "#particle" },
                "north":  { "uv": [  0, 1,  1, 2 ], "texture": "#particle" },
                "west":   { "uv": [ 11, 8, 12, 9 ], "texture": "#particle" },
                "east":   { "uv": [ 11, 8, 12, 9 ], "texture": "#particle" }
            },
            "__comment": "8"
        },
        {   "from": [ 7.5, 10, 2 ],
            "to": [ 8.5, 11, 3 ],
            "faces": {
                "down":   { "uv": [ 13, 5, 14, 6 ], "texture": "#particle" },
                "up":     { "uv": [ 13, 5, 14, 6 ], "texture": "#particle" },
                "west":   { "uv": [ 13, 5, 14, 6 ], "texture": "#particle" },
                "east":   { "uv": [ 13, 5, 14, 6 ], "texture": "#particle" }
            },
            "__comment": "9"
        },
        {   "from": [ 7.5, 8, 2 ],
            "to": [ 8.5, 9, 3 ],
            "faces": {
                "down":   { "uv": [ 13, 7, 14, 8 ], "texture": "#particle" },
                "up":     { "uv": [ 13, 7, 14, 8 ], "texture": "#particle" },
                "west":   { "uv": [ 13, 7, 14, 8 ], "texture": "#particle" },
                "east":   { "uv": [ 13, 7, 14, 8 ], "texture": "#particle" }
            },
            "__comment": "10"
        },
        {   "from": [ 7.5, 12, 4 ],
            "to": [ 8.5, 13, 5 ],
            "faces": {
                "down":   { "uv": [ 15, 3, 16, 4 ], "texture": "#particle" },
                "up":     { "uv": [ 15, 3, 16, 4 ], "texture": "#particle" },
                "west":   { "uv": [ 15, 3, 16, 4 ], "texture": "#particle" },
                "east":   { "uv": [ 15, 3, 16, 4 ], "texture": "#particle" }
            },
            "__comment": "11"
        },
        {   "from": [ 7.5, 6, 4 ],
            "to": [ 8.5, 7, 5 ],
            "faces": {
                "down":   { "uv": [ 15, 9, 16, 10 ], "texture": "#particle" },
                "up":     { "uv": [ 15, 9, 16, 10 ], "texture": "#particle" },
                "west":   { "uv": [ 15, 9, 16, 10 ], "texture": "#particle" },
                "east":   { "uv": [ 15, 9, 16, 10 ], "texture": "#particle" }
            },
            "__comment": "12"
        }
    ]
}
