{
	"credit": "Made with Blockbench",
	"textures": {
		"fence": "block/fence/fence_birch",
		"gate": "block/fence/fence_gate_birch",
		"particle": "block/fence/fence_gate_birch"
	},
	"elements": [
		{
			"name": "Post_L",
			"from": [0, 0, 6.5],
			"to": [3, 15, 9.5],
			"faces": {
				"north": {"uv": [13, 1, 16, 16], "texture": "#gate"},
				"east": {"uv": [0, 1, 3, 16], "texture": "#gate"},
				"south": {"uv": [0, 1, 3, 16], "texture": "#gate"},
				"west": {"uv": [0, 1, 3, 16], "texture": "#gate", "cullface": "west"},
				"up": {"uv": [10, 7, 13, 10], "texture": "#fence"},
				"down": {"uv": [13, 10, 16, 13], "texture": "#fence", "cullface": "down"}
			}
		},
		{
			"name": "Post_R",
			"from": [13, 0, 6.5],
			"to": [16, 15, 9.5],
			"faces": {
				"north": {"uv": [0, 1, 3, 16], "texture": "#gate"},
				"east": {"uv": [13, 1, 16, 16], "texture": "#gate", "cullface": "east"},
				"south": {"uv": [13, 1, 16, 16], "texture": "#gate"},
				"west": {"uv": [13, 1, 16, 16], "texture": "#gate"},
				"up": {"uv": [10, 7, 13, 10], "texture": "#fence"},
				"down": {"uv": [13, 10, 16, 13], "texture": "#fence", "cullface": "down"}
			}
		},
		{
			"from": [1, 0, 10.5],
			"to": [2, 14, 12.5],
			"faces": {
				"north": {"uv": [4, 2, 5, 16], "texture": "#gate"},
				"east": {"uv": [6, 2, 4, 16], "texture": "#gate"},
				"south": {"uv": [5, 2, 6, 16], "texture": "#gate"},
				"west": {"uv": [4, 2, 6, 16], "texture": "#gate"},
				"up": {"uv": [4, 2, 6, 3], "texture": "#gate", "rotation": 90},
				"down": {"uv": [4, 15, 6, 16], "texture": "#gate", "rotation": 270}
			}
		},
		{
			"from": [1, 0, 13.5],
			"to": [2, 15, 15.5],
			"faces": {
				"north": {"uv": [7, 1, 8, 16], "texture": "#gate"},
				"east": {"uv": [9, 1, 7, 16], "texture": "#gate"},
				"south": {"uv": [8, 1, 9, 16], "texture": "#gate"},
				"west": {"uv": [7, 1, 9, 16], "texture": "#gate"},
				"up": {"uv": [7, 1, 9, 2], "texture": "#gate", "rotation": 90},
				"down": {"uv": [7, 15, 9, 16], "texture": "#gate", "rotation": 270}
			}
		},
		{
			"from": [0.5, 9, 8.5],
			"to": [2.5, 11, 20.5],
			"faces": {
				"east": {"uv": [14, 5, 2, 7], "texture": "#gate"},
				"south": {"uv": [7, 5, 9, 7], "texture": "#gate"},
				"west": {"uv": [2, 5, 14, 7], "texture": "#gate"},
				"up": {"uv": [2, 5, 14, 7], "texture": "#gate", "rotation": 90},
				"down": {"uv": [2, 5, 14, 7], "texture": "#gate", "rotation": 90}
			}
		},
		{
			"from": [0.5, 1, 8.5],
			"to": [2.5, 3, 20.5],
			"faces": {
				"east": {"uv": [14, 13, 2, 15], "texture": "#gate"},
				"south": {"uv": [7, 13, 9, 15], "texture": "#gate"},
				"west": {"uv": [2, 13, 14, 15], "texture": "#gate"},
				"up": {"uv": [2, 13, 14, 15], "texture": "#gate", "rotation": 90},
				"down": {"uv": [2, 13, 14, 15], "texture": "#gate", "rotation": 90}
			}
		},
		{
			"from": [1, 0, 16.5],
			"to": [2, 14, 18.5],
			"faces": {
				"north": {"uv": [10, 2, 11, 16], "texture": "#gate"},
				"east": {"uv": [12, 2, 10, 16], "texture": "#gate"},
				"south": {"uv": [11, 2, 12, 16], "texture": "#gate"},
				"west": {"uv": [10, 2, 12, 16], "texture": "#gate"},
				"up": {"uv": [10, 2, 12, 3], "texture": "#gate", "rotation": 90},
				"down": {"uv": [10, 15, 12, 16], "texture": "#gate", "rotation": 270}
			}
		}
	],
	"display": {
		"gui": {
			"rotation": [30, 45, 0],
			"translation": [0, 0, 0],
			"scale": [0.7, 0.7, 0.7]
		},
		"head": {
			"rotation": [0, 0, 0],
			"translation": [0, -3, -6]
		}
	}
}