{
	"credit": "Made with Blockbench",
	"parent": "block/block",
	"textures": {
		"fence": "block/fence/fence_birch",
		"gate": "block/fence/fence_gate_birch",
		"particle": "block/fence/fence_gate_birch"
	},
	"elements": [
		{
			"from": [0, 0, 6.5],
			"to": [3, 15, 9.5],
			"faces": {
				"north": {"uv": [13, 1, 16, 16], "texture": "#gate"},
				"east": {"uv": [0, 1, 3, 16], "texture": "#gate"},
				"south": {"uv": [0, 1, 3, 16], "texture": "#gate"},
				"west": {"uv": [0, 1, 3, 16], "texture": "#gate"},
				"up": {"uv": [10, 7, 13, 10], "texture": "#fence"},
				"down": {"uv": [13, 10, 16, 13], "texture": "#fence"}
			}
		},
		{
			"from": [13, 0, 6.5],
			"to": [16, 15, 9.5],
			"faces": {
				"north": {"uv": [0, 1, 3, 16], "texture": "#gate"},
				"east": {"uv": [13, 1, 16, 16], "texture": "#gate"},
				"south": {"uv": [13, 1, 16, 16], "texture": "#gate"},
				"west": {"uv": [13, 1, 16, 16], "texture": "#gate"},
				"up": {"uv": [10, 7, 13, 10], "texture": "#fence"},
				"down": {"uv": [13, 10, 16, 13], "texture": "#fence"}
			}
		},
		{
			"from": [4, 0, 7.5],
			"to": [6, 14, 8.5],
			"faces": {
				"north": {"uv": [6, 2, 4, 16], "texture": "#gate"},
				"east": {"uv": [5, 2, 6, 16], "texture": "#gate"},
				"south": {"uv": [4, 2, 6, 16], "texture": "#gate"},
				"west": {"uv": [4, 2, 5, 16], "texture": "#gate"},
				"up": {"uv": [4, 2, 6, 3], "texture": "#gate"},
				"down": {"uv": [4, 15, 6, 16], "texture": "#gate"}
			}
		},
		{
			"from": [7, 0, 7.5],
			"to": [9, 15, 8.5],
			"faces": {
				"north": {"uv": [9, 1, 7, 16], "texture": "#gate"},
				"east": {"uv": [8, 1, 9, 16], "texture": "#gate"},
				"south": {"uv": [7, 1, 9, 16], "texture": "#gate"},
				"west": {"uv": [7, 1, 8, 16], "texture": "#gate"},
				"up": {"uv": [7, 1, 9, 2], "texture": "#gate"},
				"down": {"uv": [7, 15, 9, 16], "texture": "#gate"}
			}
		},
		{
			"from": [2, 1, 7],
			"to": [14, 3, 9],
			"faces": {
				"north": {"uv": [14, 13, 2, 15], "texture": "#gate"},
				"south": {"uv": [2, 13, 14, 15], "texture": "#gate"},
				"up": {"uv": [2, 13, 14, 15], "texture": "#gate"},
				"down": {"uv": [2, 15, 14, 13], "texture": "#gate"}
			}
		},
		{
			"from": [2, 9, 7],
			"to": [14, 11, 9],
			"faces": {
				"north": {"uv": [14, 5, 2, 7], "texture": "#gate"},
				"south": {"uv": [2, 5, 14, 7], "texture": "#gate"},
				"up": {"uv": [2, 5, 14, 7], "texture": "#gate"},
				"down": {"uv": [2, 7, 14, 5], "texture": "#gate"}
			}
		},
		{
			"from": [10, 0, 7.5],
			"to": [12, 14, 8.5],
			"faces": {
				"north": {"uv": [12, 2, 10, 16], "texture": "#gate"},
				"east": {"uv": [11, 2, 12, 16], "texture": "#gate"},
				"south": {"uv": [10, 2, 12, 16], "texture": "#gate"},
				"west": {"uv": [10, 2, 11, 16], "texture": "#gate"},
				"up": {"uv": [10, 2, 12, 3], "texture": "#gate"},
				"down": {"uv": [10, 15, 12, 16], "texture": "#gate"}
			}
		}
	],
	"display": {
		"gui": {
			"rotation": [30, 45, 0],
			"translation": [0, 0, 0],
			"scale": [0.7, 0.7, 0.7]
		},
		"head": {
			"rotation": [0, 0, 0],
			"translation": [0, -3, -6]
		}
	}
}