{   "parent": "block/fence_inventory",
    "ambientocclusion": false,
    "textures": {
        "particle": "block/fence/fence_dark_oak"
    },
    "elements": [
        {
            "from": [6,0,0],
            "to": [10,16,4],
            "faces": {
                "up": {
                    "uv": [11,1,15,5],
                    "texture": "#particle"
                },
                "down": {
                    "uv": [11,1,15,5],
                    "texture": "#particle",
                    "cullface": "down"
                },
                "west": {
                    "uv": [6,0,10,16],
                    "texture": "#particle"
                },
                "east": {
                    "uv": [6,0,10,16],
                    "texture": "#particle"
                },
                "north": {
                    "texture": "#particle"
                },
                "south": {
                    "texture": "#particle"
                }
            }
        },
        {
            "from": [6,0,12],
            "to": [10,16,16],
            "faces": {
                "up": {
                    "uv": [11,1,15,5],
                    "texture": "#particle"
                },
                "down": {
                    "uv": [11,1,15,5],
                    "texture": "#particle",
                    "cullface": "down"
                },
                "west": {
                    "uv": [6,0,10,16],
                    "texture": "#particle"
                },
                "east": {
                    "uv": [6,0,10,16],
                    "texture": "#particle"
                },
                "north": {
                    "texture": "#particle"
                },
                "south": {
                    "texture": "#particle"
                }
            }
        },
        {
            "from": [7,11,-2],
            "to": [9,15,8],
            "faces": {
                "up": {
                    "uv": [10,1,0,3],
                    "texture": "#particle",
                    "rotation": 90
                },
                "down": {
                    "uv": [0,2,10,4],
                    "texture": "#particle",
                    "rotation": 90
                },
                "west": {
                    "uv": [10,1,0,5],
                    "texture": "#particle"
                },
                "east": {
                    "uv": [0,1,10,5],
                    "texture": "#particle"
                },
                "north": {
                    "uv": [2,1,4,5],
                    "texture": "#particle"
                }
            }
        },
        {
            "from": [7,11,8],
            "to": [9,15,18],
            "faces": {
                "up": {
                    "uv": [0,6,10,8],
                    "texture": "#particle",
                    "rotation": 90
                },
                "down": {
                    "uv": [0,6,10,8],
                    "texture": "#particle",
                    "rotation": 270
                },
                "west": {
                    "uv": [0,6,10,10],
                    "texture": "#particle"
                },
                "east": {
                    "uv": [10,6,0,10],
                    "texture": "#particle"
                },
                "south": {
                    "uv": [2,6,4,10],
                    "texture": "#particle"
                }
            }
        },
        {
            "from": [7,6,-2],
            "to": [9,10,8],
            "faces": {
                "up": {
                    "uv": [10,6,0,8],
                    "texture": "#particle",
                    "rotation": 90
                },
                "down": {
                    "uv": [0,7,10,9],
                    "texture": "#particle",
                    "rotation": 90
                },
                "west": {
                    "uv": [10,6,0,10],
                    "texture": "#particle"
                },
                "east": {
                    "uv": [0,6,10,10],
                    "texture": "#particle"
                },
                "north": {
                    "uv": [2,6,4,10],
                    "texture": "#particle"
                }
            }
        },
        {
            "from": [7,1,-2],
            "to": [9,5,8],
            "faces": {
                "up": {
                    "uv": [10,11,0,13],
                    "texture": "#particle",
                    "rotation": 90
                },
                "down": {
                    "uv": [0,12,10,14],
                    "texture": "#particle",
                    "rotation": 90
                },
                "west": {
                    "uv": [10,11,0,15],
                    "texture": "#particle"
                },
                "east": {
                    "uv": [0,11,10,15],
                    "texture": "#particle"
                },
                "north": {
                    "uv": [2,11,4,15],
                    "texture": "#particle"
                }
            }
        },
        {
            "from": [7,6,8],
            "to": [9,10,18],
            "faces": {
                "up": {
                    "uv": [0,6,10,8],
                    "texture": "#particle",
                    "rotation": 90
                },
                "down": {
                    "uv": [0,12,10,14],
                    "texture": "#particle",
                    "rotation": 270
                },
                "west": {
                    "uv": [0,11,10,15],
                    "texture": "#particle"
                },
                "east": {
                    "uv": [10,11,0,15],
                    "texture": "#particle"
                },
                "south": {
                    "uv": [2,11,4,15],
                    "texture": "#particle"
                }
            }
        },
        {
            "from": [7,1,8],
            "to": [9,5,18],
            "faces": {
                "up": {
                    "uv": [0,1,10,3],
                    "texture": "#particle",
                    "rotation": 90
                },
                "down": {
                    "uv": [0,2,10,4],
                    "texture": "#particle",
                    "rotation": 270
                },
                "west": {
                    "uv": [0,1,10,5],
                    "texture": "#particle"
                },
                "east": {
                    "uv": [10,1,0,5],
                    "texture": "#particle"
                },
                "south": {
                    "uv": [2,1,4,5],
                    "texture": "#particle"
                }
            }
        }
    ]
}