{
    "__createdwith": "opl's Model Creator",
    "textures": {
        "particle": "block/fence/fence_gate_dark_oak",
        "top": "block/fence/fence_dark_oak"
    },
    "elements": [
        {
            "from": [0,0,7],
            "to": [2,16,9],
            "faces": {
                "up": {
                    "uv": [10,6,12,8],
                    "texture": "#top",
                    "cullface": "up"
                },
                "down": {
                    "uv": [10,6,12,8],
                    "texture": "#top",
                    "cullface": "down"
                },
                "west": {
                    "uv": [0,0,2,16],
                    "texture": "#particle"
                },
                "east": {
                    "uv": [0,0,2,16],
                    "texture": "#particle"
                },
                "north": {
                    "uv": [0,0,2,16],
                    "texture": "#particle"
                },
                "south": {
                    "uv": [0,0,2,16],
                    "texture": "#particle"
                }
            }
        },
        {
            "from": [14,0,7],
            "to": [16,16,9],
            "faces": {
                "up": {
                    "uv": [14,9,16,11],
                    "texture": "#top",
                    "cullface": "up"
                },
                "down": {
                    "uv": [13,12,15,14],
                    "texture": "#top",
                    "cullface": "down"
                },
                "west": {
                    "uv": [14,0,16,16],
                    "texture": "#particle"
                },
                "east": {
                    "uv": [14,0,16,16],
                    "texture": "#particle"
                },
                "north": {
                    "uv": [14,0,16,16],
                    "texture": "#particle"
                },
                "south": {
                    "uv": [14,0,16,16],
                    "texture": "#particle"
                }
            }
        },
        {
            "from": [0,1,13],
            "to": [2,15,15],
            "faces": {
                "up": {
                    "uv": [11,12,13,14],
                    "texture": "#top",
                    "rotation": 90
                },
                "down": {
                    "uv": [11,12,13,14],
                    "texture": "#top",
                    "rotation": 270
                },
                "west": {
                    "uv": [6,1,8,15],
                    "texture": "#particle"
                },
                "east": {
                    "uv": [8,1,10,15],
                    "texture": "#particle"
                },
                "north": {
                    "uv": [7,1,9,15],
                    "texture": "#particle"
                },
                "south": {
                    "uv": [7,1,9,15],
                    "texture": "#particle"
                }
            }
        },
        {
            "from": [14,1,13],
            "to": [16,15,15],
            "faces": {
                "up": {
                    "uv": [13,12,15,14],
                    "texture": "#top",
                    "rotation": 270
                },
                "down": {
                    "uv": [13,12,15,14],
                    "texture": "#top",
                    "rotation": 90
                },
                "west": {
                    "uv": [6,1,8,15],
                    "texture": "#particle"
                },
                "east": {
                    "uv": [8,1,10,15],
                    "texture": "#particle"
                },
                "north": {
                    "uv": [7,1,9,15],
                    "texture": "#particle"
                },
                "south": {
                    "uv": [7,1,9,15],
                    "texture": "#particle"
                }
            }
        },
        {
            "from": [0,1,9],
            "to": [2,5,13],
            "faces": {
                "up": {
                    "uv": [12,6,16,8],
                    "texture": "#top",
                    "rotation": 90
                },
                "down": {
                    "uv": [12,6,16,8],
                    "texture": "#top",
                    "rotation": 270
                },
                "west": {
                    "uv": [2,11,6,15],
                    "texture": "#particle"
                },
                "east": {
                    "uv": [10,11,14,15],
                    "texture": "#particle"
                }
            }
        },
        {
            "from": [0,6,9],
            "to": [2,10,13],
            "faces": {
                "up": {
                    "uv": [12,6,16,8],
                    "texture": "#top",
                    "rotation": 90
                },
                "down": {
                    "uv": [12,6,16,8],
                    "texture": "#top",
                    "rotation": 270
                },
                "west": {
                    "uv": [2,6,6,10],
                    "texture": "#particle"
                },
                "east": {
                    "uv": [10,6,14,10],
                    "texture": "#particle"
                }
            }
        },
        {
            "from": [0,11,9],
            "to": [2,15,13],
            "faces": {
                "up": {
                    "uv": [12,6,16,8],
                    "texture": "#top",
                    "rotation": 90
                },
                "down": {
                    "uv": [12,6,16,8],
                    "texture": "#top",
                    "rotation": 270
                },
                "west": {
                    "uv": [2,1,6,5],
                    "texture": "#particle"
                },
                "east": {
                    "uv": [10,1,14,5],
                    "texture": "#particle"
                }
            }
        },
        {
            "from": [14,1,9],
            "to": [16,5,13],
            "faces": {
                "up": {
                    "uv": [10,9,14,11],
                    "texture": "#top",
                    "rotation": 270
                },
                "down": {
                    "uv": [10,9,14,11],
                    "texture": "#top",
                    "rotation": 90
                },
                "west": {
                    "uv": [2,11,6,15],
                    "texture": "#particle"
                },
                "east": {
                    "uv": [10,11,14,15],
                    "texture": "#particle"
                }
            }
        },
        {
            "from": [14,6,9],
            "to": [16,10,13],
            "faces": {
                "up": {
                    "uv": [10,9,14,11],
                    "texture": "#top",
                    "rotation": 270
                },
                "down": {
                    "uv": [10,9,14,11],
                    "texture": "#top",
                    "rotation": 90
                },
                "west": {
                    "uv": [2,6,6,10],
                    "texture": "#particle"
                },
                "east": {
                    "uv": [10,6,14,10],
                    "texture": "#particle"
                }
            }
        },
        {
            "from": [14,11,9],
            "to": [16,15,13],
            "faces": {
                "up": {
                    "uv": [10,9,14,11],
                    "texture": "#top",
                    "rotation": 270
                },
                "down": {
                    "uv": [10,9,14,11],
                    "texture": "#top",
                    "rotation": 90
                },
                "west": {
                    "uv": [2,1,6,5],
                    "texture": "#particle"
                },
                "east": {
                    "uv": [10,1,14,5],
                    "texture": "#particle"
                }
            }
        }
    ]
}