{
    "__createdwith": "opl's Model Creator",
    "textures": {
        "particle": "#texture"
    },
    "elements": [
        {
            "from": [7,12,0],
            "to": [9,15,9],
            "faces": {
                "up": {
                    "uv": [7,5,16,7],
                    "texture": "#particle",
                    "rotation": 270
                },
                "down": {
                    "uv": [0,5,9,7],
                    "texture": "#particle",
                    "rotation": 270
                },
                "west": {
                    "texture": "#particle"
                },
                "east": {
                    "uv": [7,1,16,4],
                    "texture": "#particle"
                },
                "north": {
                    "texture": "#particle"
                }
            }
        },
        {
            "from": [7,6,0],
            "to": [9,9,9],
            "faces": {
                "up": {
                    "uv": [7,5,16,7],
                    "texture": "#particle",
                    "rotation": 270
                },
                "down": {
                    "uv": [0,5,9,7],
                    "texture": "#particle",
                    "rotation": 270
                },
                "west": {
                    "texture": "#particle"
                },
                "east": {
                    "uv": [7,7,16,10],
                    "texture": "#particle"
                },
                "north": {
                    "texture": "#particle"
                }
            }
        }
    ]
}