{   "parent": "block/block",
    "display": {
        "gui": {
            "rotation": [ 30, 45, 0 ],
            "translation": [ 0, 0, 0],
            "scale":[ 0.7, 0.7, 0.7 ]
        },
        "head": {
            "rotation": [ 0, 0, 0 ],
            "translation": [ 0, -3, -6],
            "scale":[ 1, 1, 1]
        }
    },
    "__createdwith": "opl's Model Creator",
    "textures": {
        "particle": "block/fence/fence_gate_jungle"
    },
    "elements": [
        {
            "from": [0,0,7],
            "to": [2,16,9],
            "faces": {
                "up": {
                    "uv": [2,8,4,10],
                    "texture": "#particle",
                    "cullface": "up"
                },
                "down": {
                    "uv": [2,8,4,10],
                    "texture": "#particle",
                    "cullface": "down"
                },
                "west": {
                    "uv": [0,0,2,16],
                    "texture": "#particle"
                },
                "east": {
                    "uv": [0,0,2,16],
                    "texture": "#particle"
                },
                "north": {
                    "uv": [0,0,2,16],
                    "texture": "#particle"
                },
                "south": {
                    "uv": [0,0,2,16],
                    "texture": "#particle"
                }
            }
        },
        {
            "from": [14,0,7],
            "to": [16,16,9],
            "faces": {
                "up": {
                    "uv": [12,8,14,10],
                    "texture": "#particle",
                    "cullface": "up"
                },
                "down": {
                    "uv": [12,8,14,10],
                    "texture": "#particle",
                    "cullface": "down"
                },
                "west": {
                    "uv": [14,0,16,16],
                    "texture": "#particle"
                },
                "east": {
                    "uv": [14,0,16,16],
                    "texture": "#particle"
                },
                "north": {
                    "uv": [14,0,16,16],
                    "texture": "#particle"
                },
                "south": {
                    "uv": [14,0,16,16],
                    "texture": "#particle"
                }
            }
        },
        {
            "from": [6,3,7],
            "to": [8,15,9],
            "faces": {
                "up": {
                    "uv": [6,14,8,16],
                    "texture": "#particle"
                },
                "down": {
                    "uv": [6,14,8,16],
                    "texture": "#particle"
                },
                "west": {
                    "uv": [6,1,8,13],
                    "texture": "#particle"
                },
                "north": {
                    "uv": [6,1,8,13],
                    "texture": "#particle"
                },
                "south": {
                    "uv": [6,1,8,13],
                    "texture": "#particle"
                }
            }
        },
        {
            "from": [8,3,7],
            "to": [10,15,9],
            "faces": {
                "up": {
                    "uv": [8,14,10,16],
                    "texture": "#particle"
                },
                "down": {
                    "uv": [8,14,10,16],
                    "texture": "#particle"
                },
                "east": {
                    "uv": [8,1,10,13],
                    "texture": "#particle"
                },
                "north": {
                    "uv": [8,1,10,13],
                    "texture": "#particle"
                },
                "south": {
                    "uv": [8,1,10,13],
                    "texture": "#particle"
                }
            }
        },
        {
            "from": [2,3,7],
            "to": [6,6,9],
            "faces": {
                "up": {
                    "uv": [2,14,6,16],
                    "texture": "#particle"
                },
                "down": {
                    "uv": [2,14,6,16],
                    "texture": "#particle"
                },
                "north": {
                    "uv": [10,10,14,13],
                    "texture": "#particle"
                },
                "south": {
                    "uv": [2,10,6,13],
                    "texture": "#particle"
                }
            }
        },
        {
            "from": [2,8,7],
            "to": [6,10,9],
            "faces": {
                "up": {
                    "uv": [2,14,6,16],
                    "texture": "#particle"
                },
                "down": {
                    "uv": [2,14,6,16],
                    "texture": "#particle"
                },
                "north": {
                    "uv": [10,6,14,8],
                    "texture": "#particle"
                },
                "south": {
                    "uv": [2,6,6,8],
                    "texture": "#particle"
                }
            }
        },
        {
            "from": [2,12,7],
            "to": [6,15,9],
            "faces": {
                "up": {
                    "uv": [2,14,6,16],
                    "texture": "#particle"
                },
                "down": {
                    "uv": [2,14,6,16],
                    "texture": "#particle"
                },
                "north": {
                    "uv": [10,1,14,4],
                    "texture": "#particle"
                },
                "south": {
                    "uv": [2,1,6,4],
                    "texture": "#particle"
                }
            }
        },
        {
            "from": [10,3,7],
            "to": [14,6,9],
            "faces": {
                "up": {
                    "uv": [10,14,14,16],
                    "texture": "#particle"
                },
                "down": {
                    "uv": [10,14,14,16],
                    "texture": "#particle"
                },
                "north": {
                    "uv": [2,10,6,13],
                    "texture": "#particle"
                },
                "south": {
                    "uv": [10,10,14,13],
                    "texture": "#particle"
                }
            }
        },
        {
            "from": [10,8,7],
            "to": [14,10,9],
            "faces": {
                "up": {
                    "uv": [10,14,14,16],
                    "texture": "#particle"
                },
                "down": {
                    "uv": [10,14,14,16],
                    "texture": "#particle"
                },
                "north": {
                    "uv": [2,6,6,8],
                    "texture": "#particle"
                },
                "south": {
                    "uv": [10,6,14,8],
                    "texture": "#particle"
                }
            }
        },
        {
            "from": [10,12,7],
            "to": [14,15,9],
            "faces": {
                "up": {
                    "uv": [10,14,14,16],
                    "texture": "#particle"
                },
                "down": {
                    "uv": [10,14,14,16],
                    "texture": "#particle"
                },
                "north": {
                    "uv": [2,1,6,4],
                    "texture": "#particle"
                },
                "south": {
                    "uv": [10,1,14,4],
                    "texture": "#particle"
                }
            }
        }
    ]
}