{
    "__createdwith": "opl's Model Creator",
    "textures": {
        "particle": "block/fence/fence_gate_jungle"
    },
    "elements": [
        {
            "from": [0,0,7],
            "to": [2,16,9],
            "faces": {
                "up": {
                    "uv": [2,8,4,10],
                    "texture": "#particle",
                    "cullface": "up"
                },
                "down": {
                    "uv": [2,8,4,10],
                    "texture": "#particle",
                    "cullface": "down"
                },
                "west": {
                    "uv": [0,0,2,16],
                    "texture": "#particle"
                },
                "east": {
                    "uv": [0,0,2,16],
                    "texture": "#particle"
                },
                "north": {
                    "uv": [0,0,2,16],
                    "texture": "#particle"
                },
                "south": {
                    "uv": [0,0,2,16],
                    "texture": "#particle"
                }
            }
        },
        {
            "from": [14,0,7],
            "to": [16,16,9],
            "faces": {
                "up": {
                    "uv": [12,8,14,10],
                    "texture": "#particle",
                    "cullface": "up"
                },
                "down": {
                    "uv": [12,8,14,10],
                    "texture": "#particle",
                    "cullface": "down"
                },
                "west": {
                    "uv": [14,0,16,16],
                    "texture": "#particle"
                },
                "east": {
                    "uv": [14,0,16,16],
                    "texture": "#particle"
                },
                "north": {
                    "texture": "#particle"
                },
                "south": {
                    "uv": [14,0,16,16],
                    "texture": "#particle"
                }
            }
        },
        {
            "from": [0,3,13],
            "to": [2,15,15],
            "faces": {
                "up": {
                    "uv": [6,14,8,16],
                    "texture": "#particle",
                    "rotation": 90
                },
                "down": {
                    "uv": [6,14,8,16],
                    "texture": "#particle",
                    "rotation": 270
                },
                "west": {
                    "uv": [6,1,8,13],
                    "texture": "#particle"
                },
                "east": {
                    "uv": [8,1,10,13],
                    "texture": "#particle"
                },
                "north": {
                    "uv": [7,1,9,13],
                    "texture": "#particle"
                },
                "south": {
                    "uv": [7,1,9,13],
                    "texture": "#particle"
                }
            }
        },
        {
            "from": [14,3,13],
            "to": [16,15,15],
            "faces": {
                "up": {
                    "uv": [8,14,10,16],
                    "texture": "#particle",
                    "rotation": 270
                },
                "down": {
                    "uv": [8,14,10,16],
                    "texture": "#particle",
                    "rotation": 90
                },
                "west": {
                    "uv": [6,1,8,13],
                    "texture": "#particle"
                },
                "east": {
                    "uv": [8,1,10,13],
                    "texture": "#particle"
                },
                "north": {
                    "uv": [7,1,9,13],
                    "texture": "#particle"
                },
                "south": {
                    "uv": [7,1,9,13],
                    "texture": "#particle"
                }
            }
        },
        {
            "from": [0,3,9],
            "to": [2,6,13],
            "faces": {
                "up": {
                    "uv": [2,14,6,16],
                    "texture": "#particle",
                    "rotation": 90
                },
                "down": {
                    "uv": [2,14,6,16],
                    "texture": "#particle",
                    "rotation": 270
                },
                "west": {
                    "uv": [2,10,6,13],
                    "texture": "#particle"
                },
                "east": {
                    "uv": [10,10,14,13],
                    "texture": "#particle"
                }
            }
        },
        {
            "from": [0,8,9],
            "to": [2,10,13],
            "faces": {
                "up": {
                    "uv": [2,14,6,16],
                    "texture": "#particle",
                    "rotation": 90
                },
                "down": {
                    "uv": [2,14,6,16],
                    "texture": "#particle",
                    "rotation": 270
                },
                "west": {
                    "uv": [2,6,6,8],
                    "texture": "#particle"
                },
                "east": {
                    "uv": [10,6,14,8],
                    "texture": "#particle"
                }
            }
        },
        {
            "from": [0,12,9],
            "to": [2,15,13],
            "faces": {
                "up": {
                    "uv": [2,14,6,16],
                    "texture": "#particle",
                    "rotation": 90
                },
                "down": {
                    "uv": [2,14,6,16],
                    "texture": "#particle",
                    "rotation": 270
                },
                "west": {
                    "uv": [2,1,6,4],
                    "texture": "#particle"
                },
                "east": {
                    "uv": [10,1,14,4],
                    "texture": "#particle"
                }
            }
        },
        {
            "from": [14,3,9],
            "to": [16,6,13],
            "faces": {
                "up": {
                    "uv": [10,14,14,16],
                    "texture": "#particle",
                    "rotation": 270
                },
                "down": {
                    "uv": [10,14,14,16],
                    "texture": "#particle",
                    "rotation": 90
                },
                "west": {
                    "uv": [2,10,6,13],
                    "texture": "#particle"
                },
                "east": {
                    "uv": [10,10,14,13],
                    "texture": "#particle"
                }
            }
        },
        {
            "from": [14,8,9],
            "to": [16,10,13],
            "faces": {
                "up": {
                    "uv": [10,14,14,16],
                    "texture": "#particle",
                    "rotation": 270
                },
                "down": {
                    "uv": [10,14,14,16],
                    "texture": "#particle",
                    "rotation": 90
                },
                "west": {
                    "uv": [2,6,6,8],
                    "texture": "#particle"
                },
                "east": {
                    "uv": [10,6,14,8],
                    "texture": "#particle"
                }
            }
        },
        {
            "from": [14,12,9],
            "to": [16,15,13],
            "faces": {
                "up": {
                    "uv": [10,14,14,16],
                    "texture": "#particle",
                    "rotation": 270
                },
                "down": {
                    "uv": [10,14,14,16],
                    "texture": "#particle",
                    "rotation": 90
                },
                "west": {
                    "uv": [2,1,6,4],
                    "texture": "#particle"
                },
                "east": {
                    "uv": [10,1,14,4],
                    "texture": "#particle"
                }
            }
        }
    ]
}