{
    "__createdwith": "opl's Model Creator",
    "textures": {
        "particle": "block/fence/fence_jungle"
    },
    "elements": [
        {
            "from": [6,0,6],
            "to": [10,16,10],
            "faces": {
                "up": {
                    "uv": [1,11,5,15],
                    "texture": "#particle",
                    "cullface": "up"
                },
                "down": {
                    "uv": [11,11,15,15],
                    "texture": "#particle",
                    "cullface": "down"
                },
                "west": {
                    "texture": "#particle"
                },
                "east": {
                    "texture": "#particle"
                },
                "north": {
                    "texture": "#particle"
                },
                "south": {
                    "texture": "#particle"
                }
            }
        }
    ]
}