{   "parent": "block/fence_inventory",
    "ambientocclusion": false,
    "textures": {
        "particle": "block/fence/fence_oak"
    },
    "elements": [
        {
            "from": [6,0,0],
            "to": [10,16,4],
            "faces": {
                "up": {
                    "uv": [1,11,5,15],
                    "texture": "#particle"
                },
                "down": {
                    "uv": [11,11,15,15],
                    "texture": "#particle",
                    "cullface": "down"
                },
                "west": {
                    "uv": [6,0,10,16],
                    "texture": "#particle"
                },
                "east": {
                    "uv": [6,0,10,16],
                    "texture": "#particle"
                },
                "north": {
                    "texture": "#particle"
                },
                "south": {
                    "texture": "#particle"
                }
            }
        },
        {
            "from": [6,0,12],
            "to": [10,16,16],
            "faces": {
                "up": {
                    "uv": [1,11,5,15],
                    "texture": "#particle"
                },
                "down": {
                    "uv": [11,11,15,15],
                    "texture": "#particle",
                    "cullface": "down"
                },
                "west": {
                    "uv": [6,0,10,16],
                    "texture": "#particle"
                },
                "east": {
                    "uv": [6,0,10,16],
                    "texture": "#particle"
                },
                "north": {
                    "texture": "#particle"
                },
                "south": {
                    "texture": "#particle"
                }
            }
        },
        {
            "from": [7,12,-2],
            "to": [9,15,8],
            "faces": {
                "up": {
                    "uv": [2,1,12,3],
                    "texture": "#particle",
                    "rotation": 270
                },
                "down": {
                    "uv": [2,1,12,3],
                    "texture": "#particle",
                    "rotation": 90
                },
                "west": {
                    "uv": [4,1,14,4],
                    "texture": "#particle"
                },
                "east": {
                    "uv": [2,1,12,4],
                    "texture": "#particle"
                },
                "north": {
                    "texture": "#particle"
                }
            }
        },
        {
            "from": [7,6,-2],
            "to": [9,9,8],
            "faces": {
                "up": {
                    "uv": [2,7,12,9],
                    "texture": "#particle",
                    "rotation": 270
                },
                "down": {
                    "uv": [2,7,12,9],
                    "texture": "#particle",
                    "rotation": 90
                },
                "west": {
                    "uv": [4,7,14,10],
                    "texture": "#particle"
                },
                "east": {
                    "uv": [2,7,12,10],
                    "texture": "#particle"
                },
                "north": {
                    "texture": "#particle"
                }
            }
        },
        {
            "from": [7,12,8],
            "to": [9,15,18],
            "faces": {
                "up": {
                    "uv": [4,1,14,3],
                    "texture": "#particle",
                    "rotation": 270
                },
                "down": {
                    "uv": [4,1,14,3],
                    "texture": "#particle",
                    "rotation": 90
                },
                "west": {
                    "uv": [2,1,12,4],
                    "texture": "#particle"
                },
                "east": {
                    "uv": [4,1,14,4],
                    "texture": "#particle"
                },
                "south": {
                    "texture": "#particle"
                }
            }
        },
        {
            "from": [7,6,8],
            "to": [9,9,18],
            "faces": {
                "up": {
                    "uv": [4,7,14,9],
                    "texture": "#particle",
                    "rotation": 270
                },
                "down": {
                    "uv": [4,7,14,9],
                    "texture": "#particle",
                    "rotation": 90
                },
                "west": {
                    "uv": [2,7,12,10],
                    "texture": "#particle"
                },
                "east": {
                    "uv": [4,7,14,10],
                    "texture": "#particle"
                },
                "south": {
                    "texture": "#particle"
                }
            }
        }
    ]
}