{
    "__createdwith": "opl's Model Creator",
    "textures": {
        "particle": "block/fence/fence_gate_spruce"
    },
    "elements": [
        {
            "from": [0,0,7],
            "to": [2,15,9],
            "faces": {
                "up": {
                    "uv": [2,5,4,7],
                    "texture": "#particle"
                },
                "down": {
                    "uv": [2,5,4,7],
                    "texture": "#particle",
                    "cullface": "down"
                },
                "west": {
                    "uv": [0,0,2,15],
                    "texture": "#particle"
                },
                "east": {
                    "uv": [0,0,2,15],
                    "texture": "#particle"
                },
                "north": {
                    "uv": [0,0,2,15],
                    "texture": "#particle"
                },
                "south": {
                    "uv": [0,0,2,15],
                    "texture": "#particle"
                }
            }
        },
        {
            "from": [14,0,7],
            "to": [16,15,9],
            "faces": {
                "up": {
                    "uv": [4,5,6,7],
                    "texture": "#particle"
                },
                "down": {
                    "uv": [4,5,6,7],
                    "texture": "#particle",
                    "cullface": "down"
                },
                "west": {
                    "uv": [14,0,16,15],
                    "texture": "#particle"
                },
                "east": {
                    "uv": [14,0,16,15],
                    "texture": "#particle"
                },
                "north": {
                    "uv": [14,0,16,15],
                    "texture": "#particle"
                },
                "south": {
                    "uv": [14,0,16,15],
                    "texture": "#particle"
                }
            }
        },
        {
            "from": [0,1,13],
            "to": [2,14,15],
            "faces": {
                "up": {
                    "uv": [2,8,4,10],
                    "texture": "#particle",
                    "rotation": 90
                },
                "down": {
                    "uv": [2,8,4,10],
                    "texture": "#particle",
                    "rotation": 270
                },
                "west": {
                    "uv": [6,1,8,14],
                    "texture": "#particle"
                },
                "east": {
                    "uv": [8,1,10,14],
                    "texture": "#particle"
                },
                "north": {
                    "uv": [7,1,9,14],
                    "texture": "#particle"
                },
                "south": {
                    "uv": [7,1,9,14],
                    "texture": "#particle"
                }
            }
        },
        {
            "from": [14,1,13],
            "to": [16,14,15],
            "faces": {
                "up": {
                    "uv": [4,8,6,10],
                    "texture": "#particle",
                    "rotation": 270
                },
                "down": {
                    "uv": [4,8,6,10],
                    "texture": "#particle",
                    "rotation": 90
                },
                "west": {
                    "uv": [6,1,8,14],
                    "texture": "#particle"
                },
                "east": {
                    "uv": [8,1,10,14],
                    "texture": "#particle"
                },
                "north": {
                    "uv": [7,1,9,14],
                    "texture": "#particle"
                },
                "south": {
                    "uv": [7,1,9,14],
                    "texture": "#particle"
                }
            }
        },
        {
            "from": [0,1,9],
            "to": [2,4,13],
            "faces": {
                "up": {
                    "uv": [10,5,14,7],
                    "texture": "#particle",
                    "rotation": 90
                },
                "down": {
                    "uv": [10,5,14,7],
                    "texture": "#particle",
                    "rotation": 270
                },
                "west": {
                    "uv": [2,11,6,14],
                    "texture": "#particle"
                },
                "east": {
                    "uv": [10,11,14,14],
                    "texture": "#particle"
                }
            }
        },
        {
            "from": [0,11,9],
            "to": [2,14,13],
            "faces": {
                "up": {
                    "uv": [10,5,14,7],
                    "texture": "#particle",
                    "rotation": 90
                },
                "down": {
                    "uv": [10,5,14,7],
                    "texture": "#particle",
                    "rotation": 270
                },
                "west": {
                    "uv": [2,1,6,4],
                    "texture": "#particle"
                },
                "east": {
                    "uv": [10,1,14,4],
                    "texture": "#particle"
                }
            }
        },
        {
            "from": [14,1,9],
            "to": [16,4,13],
            "faces": {
                "up": {
                    "uv": [10,8,14,10],
                    "texture": "#particle",
                    "rotation": 270
                },
                "down": {
                    "uv": [10,8,14,10],
                    "texture": "#particle",
                    "rotation": 90
                },
                "west": {
                    "uv": [2,11,6,14],
                    "texture": "#particle"
                },
                "east": {
                    "uv": [10,11,14,14],
                    "texture": "#particle"
                }
            }
        },
        {
            "from": [14,11,9],
            "to": [16,14,13],
            "faces": {
                "up": {
                    "uv": [10,8,14,10],
                    "texture": "#particle",
                    "rotation": 270
                },
                "down": {
                    "uv": [10,8,14,10],
                    "texture": "#particle",
                    "rotation": 90
                },
                "west": {
                    "uv": [2,1,6,4],
                    "texture": "#particle"
                },
                "east": {
                    "uv": [10,1,14,4],
                    "texture": "#particle"
                }
            }
        }
    ]
}