{
    "textures": {
        "particle": "#wall"
    },
    "elements": [
        {
            "from": [ 5, 0.1, 0 ],
            "to": [ 11, 14, 8 ],
            "faces": {
                "down":  { "texture": "#wall", "cullface": "down" },
                "up":    { "texture": "#wall_top" },
                "north": { "uv": [ 5, 0, 11, 14 ], "texture": "#wall", "cullface": "north" },
                "west":  { "uv": [ 0, 0, 8, 14 ], "texture": "#wall" },
                "east":  { "uv": [ 8, 0, 16, 14 ], "texture": "#wall" }
            },
			"__comment": "wall"
        }
    ]
}