{   "parent": "block/block",
    "display": {
        "gui": {
            "rotation": [ 30, 45, 0 ],
            "translation": [ 0, -1, 0],
            "scale":[ 0.8, 0.8, 0.8 ]
        },
        "head": {
            "rotation": [ 0, 0, 0 ],
            "translation": [ 0, -3, -6],
            "scale":[ 1, 1, 1]
        }
    },
    "__createdwith": "opl's Model Creator",
    "textures": {
        "particle": "#texture"
    },
    "elements": [
        {
            "from": [0,5,7],
            "to": [2,16,9],
            "faces": {
                "up": {
                    "uv": [0,12,2,14],
                    "texture": "#particle"
                },
                "down": {
                    "uv": [0,12,2,14],
                    "texture": "#particle"
                },
                "west": {
                    "uv": [0,0,2,11],
                    "texture": "#particle"
                },
                "east": {
                    "uv": [0,0,2,11],
                    "texture": "#particle"
                },
                "north": {
                    "uv": [0,0,2,11],
                    "texture": "#particle"
                },
                "south": {
                    "uv": [0,0,2,11],
                    "texture": "#particle"
                }
            }
        },
        {
            "from": [14,5,7],
            "to": [16,16,9],
            "faces": {
                "up": {
                    "uv": [14,12,16,14],
                    "texture": "#particle"
                },
                "down": {
                    "uv": [14,12,16,14],
                    "texture": "#particle"
                },
                "west": {
                    "uv": [14,0,16,11],
                    "texture": "#particle"
                },
                "east": {
                    "uv": [14,0,16,11],
                    "texture": "#particle"
                },
                "north": {
                    "uv": [14,0,16,11],
                    "texture": "#particle"
                },
                "south": {
                    "texture": "#particle"
                }
            }
        },
        {
            "from": [6,6,7],
            "to": [8,15,9],
            "faces": {
                "up": {
                    "uv": [6,12,8,14],
                    "texture": "#particle"
                },
                "down": {
                    "uv": [6,12,8,14],
                    "texture": "#particle"
                },
                "west": {
                    "uv": [6,1,8,10],
                    "texture": "#particle"
                },
                "north": {
                    "uv": [8,1,10,10],
                    "texture": "#particle"
                },
                "south": {
                    "uv": [6,1,8,10],
                    "texture": "#particle"
                }
            }
        },
        {
            "from": [8,6,7],
            "to": [10,15,9],
            "faces": {
                "up": {
                    "uv": [8,12,10,14],
                    "texture": "#particle"
                },
                "down": {
                    "uv": [8,12,10,14],
                    "texture": "#particle"
                },
                "east": {
                    "uv": [8,1,10,10],
                    "texture": "#particle"
                },
                "north": {
                    "uv": [6,1,8,10],
                    "texture": "#particle"
                },
                "south": {
                    "uv": [8,1,10,10],
                    "texture": "#particle"
                }
            }
        },
        {
            "from": [2,6,7],
            "to": [6,9,9],
            "faces": {
                "up": {
                    "uv": [2,12,6,14],
                    "texture": "#particle"
                },
                "down": {
                    "uv": [2,12,6,14],
                    "texture": "#particle"
                },
                "north": {
                    "uv": [10,7,14,10],
                    "texture": "#particle"
                },
                "south": {
                    "uv": [2,7,6,10],
                    "texture": "#particle"
                }
            }
        },
        {
            "from": [2,12,7],
            "to": [6,15,9],
            "faces": {
                "up": {
                    "uv": [2,12,6,14],
                    "texture": "#particle"
                },
                "down": {
                    "uv": [2,12,6,14],
                    "texture": "#particle"
                },
                "north": {
                    "uv": [10,1,14,4],
                    "texture": "#particle"
                },
                "south": {
                    "uv": [2,1,6,4],
                    "texture": "#particle"
                }
            }
        },
        {
            "from": [10,6,7],
            "to": [14,9,9],
            "faces": {
                "up": {
                    "uv": [10,12,14,14],
                    "texture": "#particle"
                },
                "down": {
                    "uv": [10,12,14,14],
                    "texture": "#particle"
                },
                "north": {
                    "uv": [2,7,6,10],
                    "texture": "#particle"
                },
                "south": {
                    "uv": [10,7,14,10],
                    "texture": "#particle"
                }
            }
        },
        {
            "from": [10,12,7],
            "to": [14,15,9],
            "faces": {
                "up": {
                    "uv": [10,12,14,14],
                    "texture": "#particle"
                },
                "down": {
                    "uv": [10,12,14,14],
                    "texture": "#particle"
                },
                "north": {
                    "uv": [2,1,6,4],
                    "texture": "#particle"
                },
                "south": {
                    "uv": [10,1,14,4],
                    "texture": "#particle"
                }
            }
        }
    ]
}