{
	"credit": "Made with Blockbench",
	"textures": {
		"0": "#texture",
		"particle": "#texture"
	},
	"elements": [
		{
			"name": "Top",
			"from": [3, 13, 13],
			"to": [13, 16, 16],
			"faces": {
				"north": {"uv": [3, 0, 13, 3], "texture": "#0"},
				"east": {"uv": [13, 3, 15, 0], "texture": "#1", "rotation": 180},
				"south": {"uv": [3, 0, 13, 3], "texture": "#0", "cullface": "south"},
				"west": {"uv": [1, 3, 3, 0], "texture": "#1", "rotation": 180},
				"up": {"uv": [3, 0, 13, 3], "texture": "#0", "rotation": 180, "cullface": "up"},
				"down": {"uv": [3, 0, 13, 3], "texture": "#0", "rotation": 180}
			}
		},
		{
			"name": "Bottom",
			"from": [3, 0, 13],
			"to": [13, 3, 16],
			"faces": {
				"north": {"uv": [3, 13, 13, 16], "texture": "#0"},
				"east": {"uv": [13, 16, 15, 13], "texture": "#1", "rotation": 180},
				"south": {"uv": [3, 13, 13, 16], "texture": "#0", "cullface": "south"},
				"west": {"uv": [1, 16, 3, 13], "texture": "#1", "rotation": 180},
				"up": {"uv": [3, 13, 13, 16], "texture": "#0", "rotation": 180},
				"down": {"uv": [3, 13, 13, 16], "texture": "#0", "cullface": "down"}
			}
		},
		{
			"name": "Left",
			"from": [0, 0, 13],
			"to": [3, 16, 16],
			"faces": {
				"north": {"uv": [13, 0, 16, 16], "texture": "#0"},
				"east": {"uv": [0, 0, 3, 16], "texture": "#0", "rotation": 180},
				"south": {"uv": [0, 0, 3, 16], "texture": "#0", "cullface": "south"},
				"west": {"uv": [0, 0, 3, 16], "texture": "#0", "rotation": 180, "cullface": "west"},
				"up": {"uv": [0, 0, 3, 3], "texture": "#0", "rotation": 180, "cullface": "up"},
				"down": {"uv": [0, 13, 3, 16], "texture": "#0", "cullface": "down"}
			}
		},
		{
			"name": "Right",
			"from": [13, 0, 13],
			"to": [16, 16, 16],
			"faces": {
				"north": {"uv": [0, 0, 3, 16], "texture": "#0"},
				"east": {"uv": [13, 0, 16, 16], "texture": "#0", "cullface": "east"},
				"south": {"uv": [13, 0, 16, 16], "texture": "#0", "cullface": "south"},
				"west": {"uv": [0, 0, 3, 16], "texture": "#0"},
				"up": {"uv": [13, 0, 16, 3], "texture": "#0", "rotation": 180, "cullface": "up"},
				"down": {"uv": [13, 13, 16, 16], "texture": "#0", "cullface": "down"}
			}
		},
		{
			"name": "Center",
			"from": [2, 2, 14],
			"to": [14, 14, 15],
			"faces": {
				"north": {"uv": [2, 2, 14, 14], "texture": "#0"},
				"east": {"uv": [15, 2, 16, 14], "texture": "#1"},
				"south": {"uv": [2, 2, 14, 14], "texture": "#0"},
				"west": {"uv": [1, 2, 2, 14], "texture": "#1"},
				"up": {"uv": [2, 14, 14, 15], "texture": "#1", "rotation": 180, "cullface": "north"},
				"down": {"uv": [2, 14, 14, 15], "texture": "#1", "cullface": "south"}
			}
		}
	]
}